name,name_zh,latitude,longitude,source
Abepura,阿貝普拉,-2.607407,140.679409,wikidata
Agats,阿加特斯,-5.586344,138.130521,wikidata
Aimas,埃玛斯,-0.974484,131.326553,wikidata
Aimere,艾梅雷,-8.833319,120.879890,naer
Ajibarang,亚芝巴珑,-7.411059,109.079715,wikidata
Amahai,阿馬亥,-3.355411,129.147429,naer
Ambarawa,安巴拉瓦,-5.414852,104.950144,naer
Ambarawa,安巴拉瓦,-7.267764,110.408162,naer
Ambulu,安布如,-8.401718,113.612626,naer
Ambunten,安邦登,-6.911791,113.747488,naer
Ampenan,安佩南,-8.567839,116.081536,naer
Anggana,安加納,-0.647445,117.441839,naer
Anjongan,安榮岸,0.322585,109.180080,wikidata
Anyar,安耶爾,-6.077115,105.914677,wikidata
Badas,巴達斯,-7.723580,112.196732,naer
Bajawa,巴加瓦,-8.796104,120.973488,naer
Bakongan,巴康安,2.937040,97.472010,naer
Balantak,巴蘭塔克,-0.885197,123.349272,naer
Balige,巴利蓋,2.329627,99.077603,wikidata
Bambel,班貝爾,3.447118,97.849923,naer
Banggai,望涯,-1.592745,123.524656,naer
Bangil,邦吉爾,-7.595227,112.788793,naer
Bangkalan,萬加蘭,-7.036010,112.737935,naer
Bangkinang,邦金榔,0.420835,101.007795,naer
Bangko,邦科,-2.088973,102.296893,naer
Bangko,邦科,2.176560,100.852134,naer
Banjar,班贾尔,-6.372236,106.094943,osm
Banjar,班贾尔,-7.366821,108.509496,osm
Banjar,班贾尔,-8.211346,115.006183,osm
Bantaeng,班塔恩,-5.539998,119.958788,naer
Bantul,班图尔,-7.898888,110.342439,wikidata
Banyumas,班紐馬斯,-5.281925,104.917826,naer
Banyumas,班紐馬斯,-7.521273,109.285896,naer
Banyuwangi,外南夢,-8.216183,114.366841,wikidata
Barabai,巴拉拜,-2.579196,115.386465,naer
Barus,巴魯斯,2.018798,98.402142,wikidata
Baso,巴索,-0.271947,100.484627,naer
Batanghari,巴當哈里,-5.142893,105.384905,naer
Batudaka,峇都達卡,-0.488740,121.704712,naer
Batui,巴都伊,-1.256598,122.472677,naer
Batujaya,巴圖爪雅村,-6.065306,107.199306,wikidata
Baturetno,巴都雷諾,-7.968908,110.946843,naer
Baula,包拉,-4.168409,121.673332,naer
Bayan,巴央,-7.733892,109.936343,naer
Bayan,巴央,-8.272568,116.364812,naer
Belinyu,勿里洋,-1.610847,105.742090,naer
Belopa,貝羅帕,-3.387948,120.362855,naer
Bengkalis,孟加里,1.462237,102.196194,naer
Bengkayang,孟卡揚,0.827366,109.505551,naer
Benteng,本騰,-6.118073,120.465789,naer
Benua,貝奴雅,-4.244927,122.121292,naer
Beo,貝歐,4.234411,126.800308,naer
Berastagi,貝拉斯塔吉,3.188966,98.512306,naer
Besitang,貝夕坦,4.040329,98.160520,naer
Besuki,貝蘇基,-7.752915,113.689825,naer
Besuki,貝蘇基,-8.234903,111.782954,naer
Binjai,民禮,3.667720,98.456432,osm
Blangkejeren,布朗克杰倫,3.983540,97.340228,naer
Blangpidie,布朗皮迪,3.735278,96.851695,naer
Blora,布洛拉,-6.959609,111.430728,naer
Bojonegoro,波佐內戈羅,-7.156435,111.890340,naer
Bokat,波卡特,1.060286,121.518927,naer
Bondowoso,朋多窩索,-7.926942,113.823789,naer
Bonjol,文惹,-0.046032,100.214258,naer
Borobudur,婆羅佛塔,-7.617710,110.196893,naer
Brebes,布雷貝斯,-6.876072,109.043147,naer
Buleleng,布勒倫,-8.124316,115.098421,naer
Bulu,布魯,-6.840335,111.366502,naer
Bulu,布魯,-7.309782,110.113623,naer
Bulu,布魯,-7.760346,110.834329,naer
Bumiayu,务米亚由,-7.249146,108.995296,wikidata
Buru,布路,0.912755,103.477426,naer
Cakung,查貢,-6.204842,106.934844,wikidata
Capkala,夾下罅,0.620834,109.043685,osm
Cempaka Putih,珍巴卡布迪,-6.179930,106.863846,wikidata
Cengkareng,珍加连,-6.141282,106.735647,wikidata
Cepu,熾布,-7.163506,111.579279,naer
Ciamis,尖米斯,-7.337618,108.338678,naer
Cianjur,展玉,-6.820088,107.134618,naer
Cibatu,芝巴都,-6.521589,107.539571,naer
Cibatu,芝巴都,-7.081073,107.985752,naer
Cibinong,芝比農,-6.487894,106.834983,naer
Cicurug,西库鲁格,-6.780962,106.775081,wikidata
Cidaun,芝道恩,-7.428155,107.413353,naer
Cigeulis,芝格利斯,-6.615210,105.690044,naer
Cikalong,芝卡隆,-7.788985,108.245236,naer
Cikampek,芝坎佩,-6.407632,107.453104,wikidata
Cilandak,芝兰达,-6.290514,106.797156,wikidata
Ciledug,芝列杜,-6.240411,106.711700,naer
Ciledug,芝列杜,-6.896295,108.749228,naer
Cilegon,芝勒贡,-6.035002,106.040354,osm
Cilincing,芝靈津,-6.120612,106.933252,wikidata
Cipayung,芝巴蓉,-6.329055,106.893897,wikidata
Cipayung,芝巴蓉,-6.437266,106.803432,wikidata
Ciputat,芝布达,-6.312451,106.725874,wikidata
Ciracas,芝拉卡斯,-6.326063,106.875317,wikidata
Curup,庫魯普,-3.474298,102.523089,naer
Dampit,丹皮特,-8.238124,112.750066,naer
Danau Kerinci,葛林芝湖,-2.105656,101.537710,wikidata
Dekai,德凯,-4.843178,139.505280,wikidata
Delta Pawan,道房,-1.818792,109.947610,wikidata
Demak,淡目,-6.876094,110.644664,naer
Dendang,登當,-1.209337,103.954368,naer
Dendang,登當,-3.014494,107.917787,naer
Dolo,多洛,-1.004857,119.893946,naer
Dompu,洞普,-8.537011,118.453185,naer
Dumoga,杜莫加,0.658647,124.124897,naer
Duren Sawit,杜伦萨维特,-6.223844,106.928426,wikidata
Ende,恩德,-8.748599,121.627703,naer
Entikong,恩迪贡,0.958010,110.314638,wikidata
Galing,加靈,1.564179,109.382446,wikidata
Gambir,甘密埔,-6.165354,106.815299,wikidata
Garut Kota,牙律,-7.226035,107.909143,wikidata
Gemolong,格莫隆,-7.393591,110.846663,wikidata
Gianyar,吉亚尼亚尔,-8.528437,115.327509,wikidata
Gombong,贡邦,-7.609196,109.524462,wikidata
Gresik,格雷夕,-7.155660,112.652097,naer
Grogol Petamburan,格罗果-北淡布兰,-6.159399,106.785763,wikidata
Indramayu,印德拉麥尤,-6.341154,108.335673,naer
Jagakarsa,查卡加尔沙,-6.325374,106.819248,wikidata
Jatinegara,干冬墟,-6.219962,106.871327,wikidata
Jatinegara,干冬墟,-7.071424,109.229948,wikidata
Jatiwangi,加提望伊,-6.740913,108.257463,naer
Jawai,假獅,1.387336,109.079624,wikidata
Jepara,加帕拉,-6.583286,110.663164,naer
Johar Baru,柔哈巴魯,-6.179504,106.855513,wikidata
Jombang,宗邦,-6.016210,106.056988,naer
Jombang,宗邦,-7.542373,112.225531,naer
Jombang,宗邦,-8.211113,113.371592,naer
Kaimana,開馬納,-3.826663,134.046382,naer
Kalibawang,卡利巴旺,-7.493204,109.929222,wikidata
Kalibawang,卡利巴旺,-7.693345,110.225509,wikidata
Kalideres,卡利德乐斯,-6.132757,106.702354,wikidata
Kaliwungu,卡利翁古,-6.787749,110.799005,naer
Kaliwungu,卡利翁古,-6.951095,110.256637,naer
Kaliwungu,卡利翁古,-7.464412,110.621678,naer
Kampar,坎帕,0.338715,101.103319,naer
Kapuas,卡普阿斯,0.063385,110.597051,wikidata
Karangasem,卡朗阿森,-8.449957,115.628234,osm
Karawaci,卡拉瓦芝,-6.181078,106.618573,wikidata
Karimunjawa,迷濛爪哇,-5.838188,110.415341,wikidata
Kartasura,卡爾塔蘇拉,-7.561549,110.749716,wikidata
Kebayoran Baru,新峇油兰,-6.245593,106.802247,wikidata
Kebayoran Lama,旧峇油兰,-6.246144,106.776849,wikidata
Kebumen,開布門,-7.687962,109.679387,naer
Kediri,諫義里,-8.580296,115.114916,naer
Kediri,諫義里,-8.650849,116.137595,naer
Kedungwuni,開東烏尼,-6.970385,109.651700,naer
Kelapa Gading,椰風新城,-6.168399,106.903607,wikidata
Kemayoran,馬腰蘭,-6.165354,106.854326,wikidata
Kembangan,肯邦安,-6.196635,106.738768,wikidata
Kendari,肯達里,-3.955721,122.597891,naer
Kendawangan,肯達萬干,-2.706636,110.250299,naer
Kertapati,科大帕蒂,-3.035080,104.744631,wikidata
Kintamani,金塔馬尼,-8.249662,115.327935,wikidata
Klungkung,克隆孔,-8.530655,115.401299,osm
Koba,高木,-2.491579,106.370506,wikidata
Kota Agung,哥打阿貢,-4.079452,103.418743,wikidata
Kota Agung,哥打阿貢,-5.492110,104.635319,wikidata
Kota Kudus,古突士,-6.802598,110.843301,wikidata
Kotabumi,科塔布米,-4.822766,104.881466,wikidata
Kotagede,哥打格德,-7.822128,110.396212,wikidata
Kotapinang,哥打槟榔,1.874800,100.043686,wikidata
Kramatjati,克拉玛查迪,-6.274112,106.870707,wikidata
Kuala Batee,瓜拉巴图,3.799351,96.775023,wikidata
Kuningan,库宁岸,-6.971576,108.497371,wikidata
Kuta,库塔,-8.763686,115.184357,wikidata
Kuta Blang,庫塔·布朗,5.213712,96.832140,wikidata
Lahat,拉哈特,-3.762106,103.541292,wikidata
Lawe Alas,阿拉斯河,3.418921,97.815148,wikidata
Laweyan,梭羅市拉維揚街,-7.565434,110.793392,wikidata
Lembang,倫邦,-3.446025,119.546630,wikidata
Lembang,倫邦,-6.818464,107.634314,wikidata
Lumajang,南海漳,-8.135915,113.238366,osm
Madiun,茉莉芬,-7.591164,111.568109,osm
Majalengka,瑪查冷卡,-6.834287,108.232595,wikidata
Makale,马卡勒,-3.102967,119.852518,wikidata
Makasar,馬卡薩,-6.265908,106.893247,wikidata
Makassar,錫江,-5.141237,119.424468,naer
Mampang Prapatan,芒邦帕拉巴丹,-6.248539,106.817149,wikidata
Mamuju,馬穆朱,-2.691414,118.896225,wikidata
Mandor,东万律,0.307597,109.428735,wikidata
Marau,馬樓,-2.170950,110.679724,wikidata
Martapura,馬塔普拉,-3.410420,114.854207,naer
Martapura,馬塔普拉,-4.312355,104.352758,naer
Mataram,馬塔藍,-8.598595,116.111671,naer
Matraman,玛德拉曼,-6.202704,106.862214,wikidata
Melak,默拉克,-0.255795,115.833879,wikidata
Meliau,美料,-0.197284,110.318797,wikidata
Mempawah Hilir,曼帕瓦鄉,0.402480,108.937106,wikidata
Mempura,曼普拉,0.754275,102.037077,wikidata
Menggala,明加拉,-4.523337,105.225489,wikidata
Mengwi,孟威區,-8.563330,115.168276,wikidata
Menteng,銘登,-6.191449,106.839388,wikidata
Mentok,門托克,-2.041365,105.170957,naer
Merauke,美勞克,-8.494245,140.442813,naer
Meureudu,苗流株区,5.228827,96.234220,wikidata
Moa,摩亞,-8.176567,127.901307,naer
Mojo,摩約,-7.903220,111.938950,naer
Monterado,打勞鹿,0.765516,109.139724,osm
Moti,莫蒂岛,0.439783,127.408515,wikidata
Muara Sipongi,慕哇拉希朋義,0.610619,99.872318,wikidata
Muntilan,文池蘭,-7.592399,110.263010,wikidata
Muting,木廷,-7.418800,140.497111,naer
Namlea,南列亞,-3.234144,127.042091,naer
Nanga Pinoh,彬路,-0.362517,111.771424,wikidata
Natal,納塔爾,0.640136,99.102247,naer
Negara,内加拉,-8.358387,114.582712,wikidata
Ngabang,芽橫,0.365108,109.892914,wikidata
Paal Merah,帕尔梅拉,-1.625927,103.649532,wikidata
Padalarang,帕達拉朗,-6.843506,107.487172,wikidata
Pademangan,巴德芒安,-6.134927,106.836765,wikidata
Pakualaman,帕库阿拉曼,-7.801038,110.377632,wikidata
Pal Merah,紅牌,-6.187350,106.803354,wikidata
Palabuhanratu,帕拉布汉拉图,-6.994332,106.584987,wikidata
Paloh,帕羅,1.717414,109.327406,naer
Pamekasan,巴米加三,-7.163420,113.471878,naer
Panarukan,巴那鲁干,-7.682347,113.966436,wikidata
Pancoran,班芝兰,-6.247443,106.840708,wikidata
Pandeglang,板底兰,-6.315110,106.118185,osm
Pangalengan,邦加蓮安,-7.201901,107.571572,wikidata
Pangandaran,庞岸达兰,-7.648402,108.650547,wikidata
Pasar Minggu,巴剎明古,-6.288259,106.831058,wikidata
Pasar Rebo,勒波市场,-6.321571,106.858876,wikidata
Payakumbuh,巴耶貢布,-0.185060,100.587851,naer
Pemalang,八馬蘭,-6.919901,109.375220,wikidata
Pemangkat,邦戛,1.166351,108.981311,wikidata
Penjaringan,本查靈岸,-6.095632,106.781007,wikidata
Pesanggrahan,貝桑加拉罕,-6.243316,106.753792,wikidata
Peureulak,波腊,4.794758,97.888102,wikidata
Pontianak Kota,坤甸市中心,-0.023667,109.334305,wikidata
Pulau Maya,馬亞卡里馬塔島,-1.037320,109.556360,wikidata
Purwakarta,普哇加达,-5.991648,106.038596,wikidata
Purwakarta,普哇加达,-6.543651,107.453166,wikidata
Purwodadi,葡萄野里,-3.112322,102.977034,osm
Purwodadi,葡萄野里,-7.107808,110.917820,osm
Purwodadi,葡萄野里,-7.810261,112.731586,osm
Purwodadi,葡萄野里,-7.837673,109.999233,osm
Raba,拉巴,-8.479035,118.768954,naer
Rangkasbitung,兰加士勿洞,-6.353362,106.268223,wikidata
Rembang,林邦,-6.715763,111.357964,naer
Rembang,林邦,-7.312252,109.509598,naer
Rembang,林邦,-7.645883,112.803072,naer
Rengasdengklok,冷卡斯登歌羅,-6.178788,107.292923,wikidata
Rengat,冷岳,-0.371846,102.546344,naer
Sajingan Besar,沙依岸勿剎,1.658159,109.591951,wikidata
Salatiga,沙拉迪加,1.122422,109.039422,wikidata
Samalantan,白芒頭,0.779658,109.234407,osm
Sambas,三发,1.355313,109.306967,wikidata
Sampang,三邦,-7.178099,113.251653,wikidata
Sampang,三邦,-7.581107,109.204524,wikidata
Sandai,仙台,-1.172105,110.558386,wikidata
Sanggau Ledo,華莪,1.157994,109.666367,osm
Sangkulirang,桑庫利朗,1.042866,117.935713,naer
Sawah Besar,沙哇勿刹,-6.153245,106.833118,wikidata
Sebawi,芒桔頭,1.306499,109.238005,wikidata
Segedong,米倉,0.210164,109.214409,wikidata
Selakau,文島宜,1.045152,109.008556,wikidata
Selebar,失剌比,-3.849536,102.345258,wikidata
Sembalun,森巴仑区,-8.366464,116.486489,wikidata
Semparuk,三巴洛,1.137547,109.058840,wikidata
Senen,老巴剎,-6.183486,106.846320,wikidata
Sepauk,昔巴沃,-0.119583,111.206375,wikidata
Serang,西冷,-6.112274,106.163404,osm
Setiabudi,史迪亚布迪,-6.213800,106.826965,wikidata
Siborongborong,錫博龍博龍,2.204500,99.003271,wikidata
Simpang Hilir,盛頒,-1.085049,109.972549,wikidata
Simpang Hulu,峇來,-0.610204,110.368648,wikidata
Singkawang Tengah,中山口洋區,0.922500,108.998337,wikidata
Sintang,新当,0.071650,111.504364,wikidata
Situbondo,詩都文羅,-7.702270,113.992511,osm
Sleman,士列曼縣,-7.692182,110.343834,wikidata
Soreang,梭里昂,-4.001710,119.638781,wikidata
Soreang,梭里昂,-7.041175,107.524274,wikidata
Sorong,梭隆,-0.876448,131.283334,naer
Sorong,梭隆,-0.933042,131.404796,naer
Stabat,司达瓦,3.752949,98.470961,wikidata
Subang,蘇橫,-6.560659,107.769046,wikidata
Subang,蘇橫,-7.126929,108.537248,wikidata
Sugio,蘇吉歐,-7.177620,112.272687,naer
Sukabumi,蘇加武眉,-5.412661,105.305566,naer
Sukabumi,蘇加武眉,-6.879921,106.936384,naer
Sukadana,蘇卡達納,-1.252112,110.007191,naer
Sukadana,蘇卡達納,-5.066927,105.571891,naer
Sukadana,蘇卡達納,-7.262872,108.437194,naer
Sukarami,苏卡拉美区,-2.912864,104.720675,wikidata
Sukawati,苏卡瓦地,-8.600760,115.270482,wikidata
Sungai Ambawang,雙溪安峇旺,-0.048031,109.529029,wikidata
Sungai Kakap,咬呷,-0.094552,109.173221,wikidata
Sungai Kunyit,石山 (喃吧哇縣),0.495157,108.930464,wikidata
Sungai Limau,桑該·里茂,-0.506131,100.070902,wikidata
Sungai Pinyuh,松柏港,0.277950,109.073054,wikidata
Sungai Pua,双溪普洱,-0.366906,100.402341,wikidata
Sungailiat,烈港,-1.858013,106.122080,wikidata
Tabanan,塔巴南,-8.513284,115.125603,wikidata
Tahuna,塔胡納,3.614786,125.491089,naer
Taman Sari,塔曼沙里,-2.120603,106.110592,wikidata
Taman Sari,塔曼沙里,-6.144800,106.818306,wikidata
Tambora,丹波拉,-6.150215,106.803984,wikidata
Tambora,丹波拉,-8.127459,117.928083,wikidata
Tampaksiring,譚帕克西凌鎮,-8.486623,115.301111,wikidata
Tanah Abang,丹拿望,-3.301745,104.121186,wikidata
Tanah Abang,丹拿望,-6.197053,106.815968,wikidata
Tanjung Priok,丹戎不碌,-6.121830,106.877782,wikidata
Tanjungpandan,丹戎潘丹,-2.747891,107.632277,naer
Tarutung,打鹿洞,2.019772,98.968856,wikidata
Tayan Hilir,戴燕,-0.012955,110.127583,wikidata
Tebas,直木港,1.173729,109.151888,wikidata
Tebet,德柏特,-6.233819,106.855523,wikidata
Tebing Tinggi,直名丁宜,-1.078455,103.134002,osm
Tebing Tinggi,直名丁宜,-2.434378,115.621898,osm
Tebing Tinggi,直名丁宜,-3.598917,103.073473,osm
Tebing Tinggi,直名丁宜,1.001880,102.716604,osm
Tebing Tinggi,直名丁宜,3.336247,99.113983,osm
Tegallalang,德格拉朗,-8.424865,115.289805,wikidata
Teluk Keramat,直落吉拉馬特區,1.456713,109.243529,wikidata
Teluknaga,龍灣 (丹格朗縣),-6.054413,106.644040,wikidata
Temanggung,淡滿光,-7.319985,110.178979,osm
Teminabuan,特米纳布安,-1.439420,132.023079,wikidata
Tigaraksa,迪加拉萨,-6.264842,106.468592,wikidata
Tobelo,托貝洛,1.730366,128.011770,naer
Toboali,都保里,-3.064616,106.563286,naer
Tuban,厨闽,-6.895021,112.053035,wikidata
Tulungagung,图隆阿贡,-8.046161,111.891952,wikidata
Ubud,乌布,-8.517914,115.272837,wikidata
Ujung Pandang,烏戎潘當,-5.135210,119.405801,wikidata
Wamena,瓦梅纳,-4.091792,138.931457,osm
Waris,瓦里斯,-3.281055,140.939175,naer
Wonokromo,沃诺克洛莫,-7.290757,112.735098,wikidata
